{
  "project_info": {
    "project_number": "228577178490",
    "project_id": "showtime-4dcc0",
    "storage_bucket": "showtime-4dcc0.appspot.com"
  },
  "client": [
    {
      "client_info": {
        "mobilesdk_app_id": "1:228577178490:android:539f5756c086fe135f9cc3",
        "android_client_info": {
          "package_name": "com.example.favorites2"
        }
      },
      "oauth_client": [
        {
          "client_id": "228577178490-u04h9gb6j3lctrhm6kjt9q4i002ji9fj.apps.googleusercontent.com",
          "client_type": 3
        }
      ],
      "api_key": [
        {
          "current_key": "AIzaSyAAYU3mmL6iqQ4oT0ZAXUCtzI_wSlrlJLk"
        }
      ],
      "services": {
        "appinvite_service": {
          "other_platform_oauth_client": [
            {
              "client_id": "228577178490-u04h9gb6j3lctrhm6kjt9q4i002ji9fj.apps.googleusercontent.com",
              "client_type": 3
            }
          ]
        }
      }
    },
    {
      "client_info": {
        "mobilesdk_app_id": "1:228577178490:android:828b15dc016e72c15f9cc3",
        "android_client_info": {
          "package_name": "com.example.favorites5"
        }
      },
      "oauth_client": [
        {
          "client_id": "228577178490-u04h9gb6j3lctrhm6kjt9q4i002ji9fj.apps.googleusercontent.com",
          "client_type": 3
        }
      ],
      "api_key": [
        {
          "current_key": "AIzaSyAAYU3mmL6iqQ4oT0ZAXUCtzI_wSlrlJLk"
        }
      ],
      "services": {
        "appinvite_service": {
          "other_platform_oauth_client": [
            {
              "client_id": "228577178490-u04h9gb6j3lctrhm6kjt9q4i002ji9fj.apps.googleusercontent.com",
              "client_type": 3
            }
          ]
        }
      }
    }
  ],
  "configuration_version": "1"
}